"Month","Tair.C.range"
1,8.10748387096774
2,9.52571428571428
3,8.91777419354839
4,9.02023333333333
5,7.70121764705882
6,10.5489434246606
7,9.73735918107527
8,8.83205408318284
9,7.00729420711462
10,6.17464485981308
11,6.99426470588235
12,7.37946666666667
